Passenger ID,Number of Flights,First name,Last name
2068,32,Yolande,Pete
1677,27,Katherina,Vasiliki
4827,27,Jaime,Renay
3173,26,Sunshine,Scott
8961,26,Ginny,Clara
288,25,Pamila,Mavis
5867,25,Luise,Raymond
5096,25,Blythe,Hyon
6084,25,Cole,Sharyl
8363,25,Branda,Kimiko
917,25,Anisha,Alaine
760,25,Vernia,Mui
2857,25,Son,Ginette
1343,24,Bennett,Staci
1240,24,Catherine,Missy
2441,24,Kayla,Rufus
5668,24,Gladis,Earlene
3367,24,Priscilla,Corie
1337,23,Kirby,Melvin
9441,23,Annalisa,Luanna
3590,23,Isiah,Tyler
1598,23,Amelia,Betsey
7643,23,Albina,Joni
281,23,Sage,Fernanda
5332,23,Bobette,Laurice
366,23,Carman,Meghan
2717,23,Shannon,Marlyn
1673,23,Jeanie,Gladis
211,23,Lori,Jeremiah
8353,23,Davis,Williams
3405,23,Johna,Ollie
8411,23,Juliann,Cheryll
4056,23,Dagmar,Marilee
613,23,Palmer,Yuonne
2251,23,Gussie,Temple
3093,23,Theda,Rodrick
392,22,Cory,Ebonie
167,22,Mona,Kassandra
5423,22,Sirena,Nigel
3180,22,Yvette,Peter
2437,22,Charlyn,Wynona
1769,22,Lisha,Delmer
5490,22,Toni,Winnifred
6447,22,Brigitte,Jodie
4034,22,Thalia,Maurice
4611,22,Cristi,Eugenia
7162,22,Alfonso,Dinah
739,22,Sadye,Rhea
3078,22,Laquita,Kate
1413,22,Carlee,Timmy
9252,22,Angella,Margret
258,22,Emmaline,Marcelle
350,22,Annemarie,Nilsa
2939,22,Jaleesa,Clement
391,22,Carolynn,Enola
798,22,Ramiro,Terisa
763,21,Will,Chanelle
6060,21,Delisa,Elisha
3112,21,Madie,Winona
4632,21,Jacklyn,Christia
398,21,Mario,Trinh
4249,21,Chi,Valeri
5007,21,Laticia,Katherine
435,21,Tiffani,Frances
1651,21,Alex,Annabelle
9540,21,Rhoda,Gavin
5560,21,Lang,Johnie
905,21,Terrie,Gisela
437,21,Kelli,Roger
5416,21,Chin,Claretta
2185,21,Rae,Chas
1581,21,Marx,Artie
3332,21,Kiara,Donnie
6777,21,Tamara,Terresa
4552,21,Mayme,Luvenia
4502,21,Thea,Yolando
1464,21,Margherita,Arica
848,21,Marya,Eliana
2926,21,Vicky,Patrica
2254,21,Angelina,Gracia
4399,21,Kevin,Nicole
2516,21,Tamar,Claretta
1982,21,Izetta,Marjorie
364,21,Donya,Stephan
649,20,Doreen,Raymond
4774,20,Myles,Ivan
1818,20,Marlon,Towanda
7832,20,Wendi,Muoi
7662,20,Kayce,Dorethea
3802,20,Gwyn,Cherish
2467,20,Abe,Rosalia
1029,20,Donita,Katrina
3589,20,Lee,Ben
4496,20,Lilian,Suzi
2734,20,Otha,Genoveva
3309,20,Ellen,Trang
2378,20,Berenice,Eladia
2544,20,Annamae,Marva
3867,20,Nida,Darcey
5775,20,Mozella,Essie
